Filename,F1,F2,F3,F4,F5,B1,B2,B3,B4,B5
Child_happiness.wav ,897.6580609,2651.718985,4020.491778,5649.601161,7108.713762,414.5374493,65.07264249,317.7235432,87.71532189,179.6322241
